STATION,DATE,TMAX,TMIN
HR000142360,1881-01,-1.03,-6.26
HR000142360,1881-02,2.88,-2.93
HR000142360,1881-03,10.69,3.06
HR000142360,1881-04,13.14,5.9
HR000142360,1881-05,20.25,10.3
HR000142360,1881-06,24.28,13.74
HR000142360,1881-07,28.64,16.96
HR000142360,1881-08,26.73,15.39
HR000142360,1881-09,19.91,11.63
HR000142360,1881-10,10.15,5.89
HR000142360,1881-11,7.98,1.21
HR000142360,1881-12,3.11,-0.74
HR000142360,1882-01,3.79,-1.98
HR000142360,1882-02,7.83,-1.54
HR000142360,1882-03,15.59,5.17
HR000142360,1882-04,16.19,6.41
HR000142360,1882-05,21.89,10.99
HR000142360,1882-06,23,12.38
HR000142360,1882-07,25.9,15.62
HR000142360,1882-08,23.41,13.58
HR000142360,1882-09,20.58,12.71
HR000142360,1882-10,15.98,9.65
HR000142360,1882-11,10.48,3.96
HR000142360,1882-12,6.31,1.72
HR000142360,1883-01,1.57,-3.59
HR000142360,1883-02,6.07,-0.11
HR000142360,1883-03,5.96,-1.53
HR000142360,1883-04,14.21,5.34
HR000142360,1883-05,21.54,11.67
HR000142360,1883-06,24.73,14.45
HR000142360,1883-07,26.69,15.09
HR000142360,1883-08,25.3,15
HR000142360,1883-09,20.55,12.36
HR000142360,1883-10,15.02,8.37
HR000142360,1883-11,8.11,2.54
HR000142360,1883-12,2.3,-2.78
HR000142360,1884-01,4.06,-2.34
HR000142360,1884-02,7.33,-0.12
HR000142360,1884-03,11.51,3.85
HR000142360,1884-04,16.21,6.89
HR000142360,1884-05,22.86,11.39
HR000142360,1884-06,20.63,12.2
HR000142360,1884-07,26.77,16.81
HR000142360,1884-08,24.08,14.86
HR000142360,1884-09,20.88,12.73
HR000142360,1884-10,13.85,6.4
HR000142360,1884-11,5.57,-0.05
HR000142360,1884-12,5.15,-0.39
HR000142360,1885-01,1.41,-3.04
HR000142360,1885-02,8.38,1.38
HR000142360,1885-03,11.58,3.02
HR000142360,1885-04,17.91,8.2
HR000142360,1885-05,20.07,10.23
HR000142360,1885-06,25.56,14.59
HR000142360,1885-07,28.51,17.36
HR000142360,1885-08,25.14,15
HR000142360,1885-09,23.01,12.96
HR000142360,1885-10,14.95,8
HR000142360,1885-11,9.15,5.48
HR000142360,1885-12,2.16,-3.16
HR000142360,1886-01,2.43,-2.32
HR000142360,1886-02,2.25,-1.64
HR000142360,1886-03,7.72,-0.77
HR000142360,1886-04,17.74,7.7
HR000142360,1886-05,21.41,10.66
HR000142360,1886-06,23.36,14.72
HR000142360,1886-07,25.81,16.64
HR000142360,1886-08,,
HR000142360,1886-09,23.55,13.96
HR000142360,1886-10,16.22,8.68
HR000142360,1886-11,9.98,4.08
HR000142360,1886-12,6.84,1.32
HR000142360,1887-01,1.1,-4.83
HR000142360,1887-02,1.07,-4.58
HR000142360,1887-03,8.45,0.39
HR000142360,1887-04,16.54,6.73
HR000142360,1887-05,19.66,11.05
HR000142360,1887-06,23.9,14.14
HR000142360,1887-07,29.48,18.08
HR000142360,1887-08,26.5,15.79
HR000142360,1887-09,23.65,13.55
HR000142360,1887-10,12.1,6.04
HR000142360,1887-11,9.64,4.44
HR000142360,1887-12,2.66,-2.46
HR000142360,1888-01,-0.95,-8.22
HR000142360,1888-02,1.8,-4.21
HR000142360,1888-03,10.29,2.01
HR000142360,1888-04,15.14,6.5
HR000142360,1888-05,20.97,10.79
HR000142360,1888-06,25.12,15.16
HR000142360,1888-07,24.16,15.13
HR000142360,1888-08,25.19,15.33
HR000142360,1888-09,21.17,13.24
HR000142360,1888-10,14.05,6.24
HR000142360,1888-11,5.52,-0.66
HR000142360,1888-12,4.31,-1.13
HR000142360,1889-01,-0.27,-5.07
HR000142360,1889-02,2.88,-4.31
HR000142360,1889-03,7.68,0.85
HR000142360,1889-04,15.21,6.51
HR000142360,1889-05,23.4,14.3
HR000142360,1889-06,25.41,16.52
HR000142360,1889-07,25.28,15.94
HR000142360,1889-08,24.36,15.9
HR000142360,1889-09,17.45,10.43
HR000142360,1889-10,16.25,9.72
HR000142360,1889-11,7.42,2.34
HR000142360,1889-12,0.21,-3.03
HR000142360,1890-01,4.88,-0.14
HR000142360,1890-02,1.91,-2.97
HR000142360,1890-03,11.71,2.55
HR000142360,1890-04,15.39,7.07
HR000142360,1890-05,22.24,12.47
HR000142360,1890-06,22.81,13.38
HR000142360,1890-07,25.71,16.47
HR000142360,1890-08,28.27,17.73
HR000142360,1890-09,19.6,11.45
HR000142360,1890-10,13.93,4.89
HR000142360,1890-11,7.55,2.68
HR000142360,1890-12,-1.5,-5.46
HR000142360,1891-01,-3.43,-10.12
HR000142360,1891-02,0.29,-6.26
HR000142360,1891-03,9.91,1.83
HR000142360,1891-04,12.2,5.1
HR000142360,1891-05,21.94,12.44
HR000142360,1891-06,23.46,14.5
HR000142360,1891-07,25.42,16.37
HR000142360,1891-08,24.24,14.93
HR000142360,1891-09,21.38,12.49
HR000142360,1891-10,17.32,10.21
HR000142360,1891-11,8.27,3.04
HR000142360,1891-12,5.24,-0.26
HR000142360,1892-01,2.52,-3.1
HR000142360,1892-02,5.56,-0.66
HR000142360,1892-03,7.83,0.1
HR000142360,1892-04,16.34,6.79
HR000142360,1892-05,20.62,10.94
HR000142360,1892-06,24.63,14.77
HR000142360,1892-07,25.57,15.22
HR000142360,1892-08,27.07,16.2
HR000142360,1892-09,23.77,13.68
HR000142360,1892-10,16.04,8.33
HR000142360,1892-11,6.36,1.62
HR000142360,1892-12,1.05,-3.95
HR000142360,1893-01,-4.04,-9.08
HR000142360,1893-02,7.08,-1.15
HR000142360,1893-03,11.39,2.45
HR000142360,1893-04,16.73,6.14
HR000142360,1893-05,20.59,10.79
HR000142360,1893-06,22.97,14.05
HR000142360,1893-07,25.84,16.09
HR000142360,1893-08,25.11,15.52
HR000142360,1893-09,21.14,11.97
HR000142360,1893-10,16.98,8.65
HR000142360,1893-11,6.28,2.15
HR000142360,1893-12,3.98,0.13
HR000142360,1894-01,0.1,-4.71
HR000142360,1894-02,7.4,-0.34
HR000142360,1894-03,12.02,3.75
HR000142360,1894-04,19.35,9.23
HR000142360,1894-05,20.68,11.46
HR000142360,1894-06,23.32,13.2
HR000142360,1894-07,28.43,17.31
HR000142360,1894-08,25.67,14.39
HR000142360,1894-09,19.48,10.51
HR000142360,1894-10,16.6,8.93
HR000142360,1894-11,8.39,3.54
HR000142360,1894-12,2.32,-1.52
HR000142360,1895-01,2.34,-3.31
HR000142360,1895-02,-0.69,-7.1
HR000142360,1895-03,7.9,0.37
HR000142360,1895-04,14.94,7.42
HR000142360,1895-05,20.19,10.76
HR000142360,1895-06,24.64,14.77
HR000142360,1895-07,27.43,16.85
HR000142360,1895-08,24.91,14.38
HR000142360,1895-09,23.2,12.93
HR000142360,1895-10,14.67,7.45
HR000142360,1895-11,9.32,4.41
HR000142360,1895-12,3.55,-0.83
HR000142360,1896-01,-1.53,-6.44
HR000142360,1896-02,3.26,-3.86
HR000142360,1896-03,12.81,3.67
HR000142360,1896-04,13.71,5.13
HR000142360,1896-05,19.8,10.58
HR000142360,1896-06,24.81,15.42
HR000142360,1896-07,26.6,17.01
HR000142360,1896-08,23.3,14.21
HR000142360,1896-09,20.82,12.62
HR000142360,1896-10,17.33,10.24
HR000142360,1896-11,7.23,2.63
HR000142360,1896-12,4.23,0.18
HR000142360,1897-01,1.7,-1.97
HR000142360,1897-02,7.93,0.23
HR000142360,1897-03,14.24,5.99
HR000142360,1897-04,16.22,7.38
HR000142360,1897-05,18.4,9.95
HR000142360,1897-06,24.79,14.99
HR000142360,1897-07,26.97,16.69
HR000142360,1897-08,26.06,15.74
HR000142360,1897-09,21.07,12.83
HR000142360,1897-10,12.92,6.62
HR000142360,1897-11,6.66,0.67
HR000142360,1897-12,3.21,-1.56
HR000142360,1898-01,3.54,-0.92
HR000142360,1898-02,5.53,-0.31
HR000142360,1898-03,10.95,2.99
HR000142360,1898-04,17.71,8.75
HR000142360,1898-05,20.86,11.51
HR000142360,1898-06,24.17,14.44
HR000142360,1898-07,24.44,15.02
HR000142360,1898-08,26.42,15.79
HR000142360,1898-09,21.14,12.11
HR000142360,1898-10,16.38,9.79
HR000142360,1898-11,11.29,7.07
HR000142360,1898-12,5.17,-0.38
HR000142360,1899-01,7.59,1.31
HR000142360,1899-02,8.23,0.84
HR000142360,1899-03,10.68,0.77
HR000142360,1899-04,16.49,7.27
HR000142360,1899-05,19.94,10.89
HR000142360,1899-06,23.45,13.42
HR000142360,1899-07,26.55,16.56
HR000142360,1899-08,26.04,15.82
HR000142360,1899-09,21.09,12.06
HR000142360,1899-10,15.33,6.4
HR000142360,1899-11,10.78,3.47
HR000142360,1899-12,-0.68,-5.98
HR000142360,1900-01,5.23,0.48
HR000142360,1900-02,10.03,3
HR000142360,1900-03,8.43,0.72
HR000142360,1900-04,14.7,6.16
HR000142360,1900-05,19.75,10.49
HR000142360,1900-06,25.44,14.63
HR000142360,1900-07,28.03,17.04
HR000142360,1900-08,24.39,15.42
HR000142360,1900-09,23.06,12.59
HR000142360,1900-10,16.4,8.18
HR000142360,1900-11,10.08,6.4
HR000142360,1900-12,2.96,-0.94
HR000142360,1901-01,-0.59,-7.9
HR000142360,1901-02,1.13,-6.49
HR000142360,1901-03,9.8,2.71
HR000142360,1901-04,17.24,6.98
HR000142360,1901-05,22.36,11.7
HR000142360,1901-06,25.95,15.16
HR000142360,1901-07,28.11,17.02
HR000142360,1901-08,25.62,15.78
HR000142360,1901-09,19.73,12.99
HR000142360,1901-10,15.81,8.91
HR000142360,1901-11,7.41,0.95
HR000142360,1901-12,6.6,1.11
HR000142360,1902-01,7.22,-0.15
HR000142360,1902-02,4.46,0.39
HR000142360,1902-03,11.33,2.78
HR000142360,1902-04,16.99,6.95
HR000142360,1902-05,16.9,7.71
HR000142360,1902-06,23.14,13.24
HR000142360,1902-07,26.14,15
HR000142360,1902-08,25.84,15.29
HR000142360,1902-09,21.18,11.9
HR000142360,1902-10,14.76,8.51
HR000142360,1902-11,5.2,0.79
HR000142360,1902-12,1.21,-3.61
HR000142360,1903-01,3.27,-3.95
HR000142360,1903-02,9.21,0.77
HR000142360,1903-03,13.52,4.46
HR000142360,1903-04,13.06,4.43
HR000142360,1903-05,21.15,11.43
HR000142360,1903-06,23.06,13.75
HR000142360,1903-07,25.81,15.55
HR000142360,1903-08,26.39,15.05
HR000142360,1903-09,22.04,11.63
HR000142360,1903-10,16.57,8.66
HR000142360,1903-11,9.7,4.67
HR000142360,1903-12,3.9,1.16
HR000142360,1904-01,1.04,-1.87
HR000142360,1904-02,8.1,1.96
HR000142360,1904-03,10.9,4.52
HR000142360,1904-04,17.46,8.31
HR000142360,1904-05,21.78,11.3
HR000142360,1904-06,25.03,15.15
HR000142360,1904-07,29.61,17.6
HR000142360,1904-08,26.56,15.74
HR000142360,1904-09,18.64,12.13
HR000142360,1904-10,15.26,9.3
HR000142360,1904-11,7.88,1.5
HR000142360,1904-12,6.03,0.33
HR000142360,1905-01,0,-7.1
HR000142360,1905-02,4.07,-2.4
HR000142360,1905-03,12.21,4.38
HR000142360,1905-04,15.42,6.45
HR000142360,1905-05,20.16,11.32
HR000142360,1905-06,24.65,14.86
HR000142360,1905-07,29.19,17.64
HR000142360,1905-08,28.14,16.23
HR000142360,1905-09,23.36,14.05
HR000142360,1905-10,10.43,3.71
HR000142360,1905-11,9.86,4.63
HR000142360,1905-12,5.53,0.71
HR000142360,1906-01,3.35,-3.12
HR000142360,1906-02,4.78,-0.57
HR000142360,1906-03,11.6,2.86
HR000142360,1906-04,17.57,7.36
HR000142360,1906-05,22.18,11.81
HR000142360,1906-06,23.6,14.46
HR000142360,1906-07,25.91,16.81
HR000142360,1906-08,25.99,15.66
HR000142360,1906-09,20.21,10.99
HR000142360,1906-10,14.9,8.32
HR000142360,1906-11,12.99,5.65
HR000142360,1906-12,1.5,-2.5
HR000142360,1907-01,2.03,-4.1
HR000142360,1907-02,2.6,-3.08
HR000142360,1907-03,8.84,0.99
HR000142360,1907-04,12.42,5.38
HR000142360,1907-05,23.59,12.4
HR000142360,1907-06,25.84,15.34
HR000142360,1907-07,25.57,15.64
HR000142360,1907-08,27.41,15.72
HR000142360,1907-09,22.51,12.67
HR000142360,1907-10,19.54,12.01
HR000142360,1907-11,8.94,3.63
HR000142360,1907-12,6.1,1.35
HR000142360,1908-01,2.03,-4.32
HR000142360,1908-02,6.74,-0.18
HR000142360,1908-03,9.69,2.33
HR000142360,1908-04,14.25,6.27
HR000142360,1908-05,25.63,13.7
HR000142360,1908-06,27.8,15.48
HR000142360,1908-07,27.88,16.11
HR000142360,1908-08,24.08,14.59
HR000142360,1908-09,20.41,10.34
HR000142360,1908-10,15.03,5.82
HR000142360,1908-11,4.27,-2.31
HR000142360,1908-12,0.77,-2.82
HR000142360,1909-01,0.58,-4.11
HR000142360,1909-02,2.59,-3.27
HR000142360,1909-03,10.23,2.82
HR000142360,1909-04,18,7.38
HR000142360,1909-05,19.84,10.63
HR000142360,1909-06,24.45,13.63
HR000142360,1909-07,25.84,15.36
HR000142360,1909-08,26.02,15.95
HR000142360,1909-09,22.39,12.65
HR000142360,1909-10,16.99,9.55
HR000142360,1909-11,7.14,2.02
HR000142360,1909-12,8.66,2.39
HR000142360,1910-01,5.27,-0.99
HR000142360,1910-02,8.3,2.78
HR000142360,1910-03,12.34,4.22
HR000142360,1910-04,15.76,6.72
HR000142360,1910-05,20.53,10.94
HR000142360,1910-06,25.23,14.76
HR000142360,1910-07,25.39,14.54
HR000142360,1910-08,26.29,15.53
HR000142360,1910-09,19.12,11.34
HR000142360,1910-10,15.57,8.51
HR000142360,1910-11,9,2.99
HR000142360,1910-12,8.39,4.34
HR000142360,1911-01,2.44,-3.42
HR000142360,1911-02,5.9,-2.31
HR000142360,1911-03,11.85,3.49
HR000142360,1911-04,15.94,6.14
HR000142360,1911-05,20.61,11.4
HR000142360,1911-06,24.43,13.87
HR000142360,1911-07,28.49,16.87
HR000142360,1911-08,28.45,16.95
HR000142360,1911-09,22.76,12.94
HR000142360,1911-10,16.02,7.69
HR000142360,1911-11,12.15,6.61
HR000142360,1911-12,7.14,2.31
HR000142360,1912-01,3.06,-3.26
HR000142360,1912-02,10.02,2.24
HR000142360,1912-03,13.99,5.77
HR000142360,1912-04,13.28,5.53
HR000142360,1912-05,21.24,11.13
HR000142360,1912-06,24.93,14.41
HR000142360,1912-07,26.77,16.12
HR000142360,1912-08,24.06,13.84
HR000142360,1912-09,15.49,8.88
HR000142360,1912-10,13.71,5.98
HR000142360,1912-11,6.44,0.74
HR000142360,1912-12,5.74,0.39
HR000142360,1913-01,1.54,-2.37
HR000142360,1913-02,5.54,-1.65
HR000142360,1913-03,14.75,4.9
HR000142360,1913-04,16.7,7.05
HR000142360,1913-05,20.01,10.67
HR000142360,1913-06,24.79,14.52
HR000142360,1913-07,23.06,14.49
HR000142360,1913-08,23.55,14.25
HR000142360,1913-09,20.96,12.42
HR000142360,1913-10,17.33,8.65
HR000142360,1913-11,11.95,5.35
HR000142360,1913-12,5.56,-0.63
HR000142360,1914-01,-1.87,-6.83
HR000142360,1914-02,3.19,-5.15
HR000142360,1914-03,11.75,4.2
HR000142360,1914-04,18.26,7.37
HR000142360,1914-05,19.39,10.81
HR000142360,1914-06,23.28,13.64
HR000142360,1914-07,24.9,15.77
HR000142360,1914-08,26.16,15.51
HR000142360,1914-09,20.14,11.27
HR000142360,1914-10,14.74,6.8
HR000142360,1914-11,7.21,2.63
HR000142360,1914-12,7.59,2.35
HR000142360,1915-01,4.35,-0.11
HR000142360,1915-02,6.09,0.76
HR000142360,1915-03,10.25,2.29
HR000142360,1915-04,15.14,7.26
HR000142360,1915-05,21.77,12.32
HR000142360,1915-06,25.33,15.67
HR000142360,1915-07,25.91,16.25
HR000142360,1915-08,23.9,14.96
HR000142360,1915-09,19.46,10.72
HR000142360,1915-10,11.07,6.8
HR000142360,1915-11,7.21,1.82
HR000142360,1915-12,10.01,4.79
HR000142360,1916-01,6.53,0.99
HR000142360,1916-02,6.09,0.2
HR000142360,1916-03,14.35,6.47
HR000142360,1916-04,16.75,7.34
HR000142360,1916-05,22.29,11.66
HR000142360,1916-06,25.36,14.38
HR000142360,1916-07,28.02,16.8
HR000142360,1916-08,26.73,15.18
HR000142360,1916-09,19.66,11.35
HR000142360,1916-10,14.79,6.82
HR000142360,1916-11,10.24,5.93
HR000142360,1916-12,7.91,3.61
HR000142360,1917-01,3.13,-0.93
HR000142360,1917-02,0.2,-8
HR000142360,1917-03,7.87,1.12
HR000142360,1917-04,14.25,5.81
HR000142360,1917-05,22.98,11.75
HR000142360,1917-06,28.15,16.12
HR000142360,1917-07,27.88,16.48
HR000142360,1917-08,28.55,16.76
HR000142360,1917-09,24.52,13.51
HR000142360,1917-10,16.46,8.61
HR000142360,1917-11,9.09,3.07
HR000142360,1917-12,1.41,-2.53
HR000142360,1918-01,5.89,-0.48
HR000142360,1918-02,5.4,-1.42
HR000142360,1918-03,11.17,3.26
HR000142360,1918-04,18.28,9.04
HR000142360,1918-05,21.51,12.54
HR000142360,1918-06,22.24,12.41
HR000142360,1918-07,26.45,16.38
HR000142360,1918-08,24.77,15.27
HR000142360,1918-09,22.82,12.7
HR000142360,1918-10,14.1,8.49
HR000142360,1918-11,6.89,2.94
HR000142360,1918-12,5.81,1.67
HR000142360,1919-01,5.49,2.62
HR000142360,1919-02,5.13,-0.65
HR000142360,1919-03,11.26,3.75
HR000142360,1919-04,13.28,6.06
HR000142360,1919-05,18.17,8.88
HR000142360,1919-06,23.6,13.39
HR000142360,1919-07,23.55,14.58
HR000142360,1919-08,25.74,15.94
HR000142360,1919-09,23.07,13.89
HR000142360,1919-10,12.94,7.18
HR000142360,1919-11,8.62,2.9
HR000142360,1919-12,4.72,0.65
HR000142360,1920-01,6.87,1.55
HR000142360,1920-02,8.89,1.68
HR000142360,1920-03,14.1,5.2
HR000142360,1920-04,18.81,9.66
HR000142360,1920-05,23.78,13.69
HR000142360,1920-06,23.61,14.3
HR000142360,1920-07,28.08,16.79
HR000142360,1920-08,24.11,15.33
HR000142360,1920-09,22.69,13.69
HR000142360,1920-10,12.89,5.93
HR000142360,1920-11,3.81,-0.03
HR000142360,1920-12,3.89,0.67
HR000142360,1921-01,8.06,1.99
HR000142360,1921-02,6.3,-0.11
HR000142360,1921-03,14.35,3.33
HR000142360,1921-04,14.78,6.93
HR000142360,1921-05,23.3,12.87
HR000142360,1921-06,23.29,13.83
HR000142360,1921-07,29.67,18.06
HR000142360,1921-08,28.33,17.09
HR000142360,1921-09,22.74,11.85
HR000142360,1921-10,18.08,7.67
HR000142360,1921-11,5.08,1.31
HR000142360,1921-12,2.98,-2.04
HR000142360,1922-01,1.47,-3
HR000142360,1922-02,2.72,-4.37
HR000142360,1922-03,13.89,5.28
HR000142360,1922-04,14.85,6.34
HR000142360,1922-05,21.85,11.85
HR000142360,1922-06,25.82,15.41
HR000142360,1922-07,27.9,15.5
HR000142360,1922-08,27.49,15.54
HR000142360,1922-09,19.58,12.03
HR000142360,1922-10,11.53,7.24
HR000142360,1922-11,6.9,1.23
HR000142360,1922-12,6.11,1.22
HR000142360,1923-01,4.21,0.2
HR000142360,1923-02,4.78,-0.42
HR000142360,1923-03,11.18,3.88
HR000142360,1923-04,15.12,6.86
HR000142360,1923-05,23.54,11.65
HR000142360,1923-06,21.18,11.62
HR000142360,1923-07,27.87,16.92
HR000142360,1923-08,27.05,16.48
HR000142360,1923-09,21.96,12.66
HR000142360,1923-10,19.87,10.91
HR000142360,1923-11,10.65,5.41
HR000142360,1923-12,4.2,-0.27
HR000142360,1924-01,0.45,-4.61
HR000142360,1924-02,2.4,-2.11
HR000142360,1924-03,8.9,2.35
HR000142360,1924-04,15.59,8
HR000142360,1924-05,22.84,13.09
HR000142360,1924-06,25.15,15.46
HR000142360,1924-07,26.72,16.09
HR000142360,1924-08,23.32,14.13
HR000142360,1924-09,22.81,14.14
HR000142360,1924-10,15.37,8.05
HR000142360,1924-11,7.91,2.82
HR000142360,1924-12,3.2,-0.14
HR000142360,1925-01,4.4,-0.95
HR000142360,1925-02,9.38,3.08
HR000142360,1925-03,9.39,2.16
HR000142360,1925-04,17.15,7.67
HR000142360,1925-05,21.78,12.65
HR000142360,1925-06,23.65,14.38
HR000142360,1925-07,26.85,17.15
HR000142360,1925-08,26.11,15.99
HR000142360,1925-09,18.92,11.4
HR000142360,1925-10,15.64,8.01
HR000142360,1925-11,8.23,4.08
HR000142360,1925-12,3.67,-2.46
HR000142360,1926-01,2.57,-2.04
HR000142360,1926-02,10.3,4.56
HR000142360,1926-03,10.13,2.89
HR000142360,1926-04,17.97,8.27
HR000142360,1926-05,20.66,10.93
HR000142360,1926-06,22.44,13.81
HR000142360,1926-07,24.63,16.11
HR000142360,1926-08,24.6,15
HR000142360,1926-09,22.72,14.01
HR000142360,1926-10,17.38,9.01
HR000142360,1926-11,15.81,10.02
HR000142360,1926-12,3.57,-0.84
HR000142360,1927-01,4.9,0.69
HR000142360,1927-02,5.81,-1.14
HR000142360,1927-03,13.59,5.22
HR000142360,1927-04,17.2,7.5
HR000142360,1927-05,21.32,11.24
HR000142360,1927-06,26.78,15.28
HR000142360,1927-07,29.07,17.35
HR000142360,1927-08,27.46,16.29
HR000142360,1927-09,22.95,14.37
HR000142360,1927-10,15.02,8.01
HR000142360,1927-11,10.04,4.86
HR000142360,1927-12,0.25,-3.19
HR000142360,1928-01,2.93,-0.98
HR000142360,1928-02,7.32,-0.19
HR000142360,1928-03,7.68,2.65
HR000142360,1928-04,16.98,8.45
HR000142360,1928-05,18.4,9.16
HR000142360,1928-06,24.77,13.23
HR000142360,1928-07,31.13,18.39
HR000142360,1928-08,28.37,16.41
HR000142360,1928-09,21.1,13.22
HR000142360,1928-10,16.17,8.28
HR000142360,1928-11,11.22,5.75
HR000142360,1928-12,3.28,-0.22
HR000142360,1929-01,-1.67,-7.13
HR000142360,1929-02,-3.53,-11.36
HR000142360,1929-03,8.72,0.16
HR000142360,1929-04,13.31,4.62
HR000142360,1929-05,22.32,12.87
HR000142360,1929-06,24.99,14.76
HR000142360,1929-07,27.16,16.44
HR000142360,1929-08,27.12,17.31
HR000142360,1929-09,23.38,13.1
HR000142360,1929-10,17.21,8.98
HR000142360,1929-11,10.15,6.05
HR000142360,1929-12,6.12,1.7
HR000142360,1930-01,3.42,-0.69
HR000142360,1930-02,5.75,-0.07
HR000142360,1930-03,13.77,5.71
HR000142360,1930-04,17.81,8.93
HR000142360,1930-05,20.36,11.16
HR000142360,1930-06,27.68,16.77
HR000142360,1930-07,26.35,15.74
HR000142360,1930-08,25.27,15.21
HR000142360,1930-09,22.56,14.11
HR000142360,1930-10,15.05,8.2
HR000142360,1930-11,13.92,6.37
HR000142360,1930-12,3.88,1.09
HR000142360,1931-01,4.88,0.1
HR000142360,1931-02,3.95,-0.3
HR000142360,1931-03,7.46,-0.05
HR000142360,1931-04,14.59,5.49
HR000142360,1931-05,23.36,13.03
HR000142360,1931-06,27.46,15.89
HR000142360,1931-07,29.67,17.21
HR000142360,1931-08,26.52,15.77
HR000142360,1931-09,18.08,9.75
HR000142360,1931-10,15.13,7.01
HR000142360,1931-11,8.13,3.64
HR000142360,1931-12,3.26,-2.25
HR000142360,1932-01,2.74,-1.81
HR000142360,1932-02,0.47,-7.76
HR000142360,1932-03,4.4,-2.04
HR000142360,1932-04,15.6,6.87
HR000142360,1932-05,21.8,11.87
HR000142360,1932-06,23.75,13.84
HR000142360,1932-07,27.82,16.99
HR000142360,1932-08,28.7,18.06
HR000142360,1932-09,26,15.92
HR000142360,1932-10,16.1,9.2
HR000142360,1932-11,8.2,4.27
HR000142360,1932-12,2.88,0.73
HR000142360,1933-01,-0.44,-3.5
HR000142360,1933-02,5.01,-0.44
HR000142360,1933-03,11.73,3.72
HR000142360,1933-04,14.48,6.38
HR000142360,1933-05,18.95,11.09
HR000142360,1933-06,22.24,12.87
HR000142360,1933-07,26.98,16.15
HR000142360,1933-08,26.54,16.2
HR000142360,1933-09,21.01,12.41
HR000142360,1933-10,15.33,8.55
HR000142360,1933-11,8.59,3.83
HR000142360,1933-12,-1.14,-4.67
HR000142360,1934-01,1.89,-1.76
HR000142360,1934-02,6.33,-1.33
HR000142360,1934-03,13.41,6.23
HR000142360,1934-04,19.83,10.16
HR000142360,1934-05,23.32,13.28
HR000142360,1934-06,23.52,14.33
HR000142360,1934-07,27.13,16.95
HR000142360,1934-08,25.55,16.64
HR000142360,1934-09,22.61,14.29
HR000142360,1934-10,14.13,7.79
HR000142360,1934-11,10.67,4.29
HR000142360,1934-12,8.43,4.7
HR000142360,1935-01,0.56,-4.57
HR000142360,1935-02,7.06,-0.1
HR000142360,1935-03,10.18,2.19
HR000142360,1935-04,16.26,7.21
HR000142360,1935-05,19.67,9.97
HR000142360,1935-06,27.53,16.46
HR000142360,1935-07,27.49,16.22
HR000142360,1935-08,26.11,15.93
HR000142360,1935-09,22.3,11.85
HR000142360,1935-10,17.73,10.87
HR000142360,1935-11,8.22,4.04
HR000142360,1935-12,5.39,0.93
HR000142360,1936-01,9.39,3.8
HR000142360,1936-02,7.44,1.76
HR000142360,1936-03,13.88,5.97
HR000142360,1936-04,16.22,8.36
HR000142360,1936-05,21.94,13.34
HR000142360,1936-06,24.32,15.15
HR000142360,1936-07,27.91,17.9
HR000142360,1936-08,25.85,15.6
HR000142360,1936-09,22.01,12.58
HR000142360,1936-10,11.06,4.4
HR000142360,1936-11,8.45,3.58
HR000142360,1936-12,3.57,-0.88
HR000142360,1937-01,0.99,-3.15
HR000142360,1937-02,6.86,1.26
HR000142360,1937-03,12.15,5.15
HR000142360,1937-04,14.79,7.68
HR000142360,1937-05,22.82,13.54
HR000142360,1937-06,25.47,16.82
HR000142360,1937-07,26.32,17
HR000142360,1937-08,25.2,16.73
HR000142360,1937-09,21.44,13.22
HR000142360,1937-10,15.75,9.18
HR000142360,1937-11,7.91,3.5
HR000142360,1937-12,4.42,0.42
HR000142360,1938-01,4.31,-1.7
HR000142360,1938-02,5.53,-0.52
HR000142360,1938-03,15.03,4.53
HR000142360,1938-04,13.3,4.55
HR000142360,1938-05,19.58,10.37
HR000142360,1938-06,27.3,16.41
HR000142360,1938-07,28.14,17.62
HR000142360,1938-08,25.55,16.97
HR000142360,1938-09,21.17,12.53
HR000142360,1938-10,16.32,9.18
HR000142360,1938-11,10.79,5.45
HR000142360,1938-12,2.45,-1.27
HR000142360,1939-01,6.69,1.45
HR000142360,1939-02,8.08,0.48
HR000142360,1939-03,8.31,1.35
HR000142360,1939-04,20.34,9.79
HR000142360,1939-05,19.07,10.84
HR000142360,1939-06,24.64,15.26
HR000142360,1939-07,28.91,16.94
HR000142360,1939-08,26.82,17.28
HR000142360,1939-09,21.75,12.83
HR000142360,1939-10,14.39,8.29
HR000142360,1939-11,9.3,5.13
HR000142360,1939-12,3.44,-1.27
HR000142360,1940-01,-3.52,-8.62
HR000142360,1940-02,-0.05,-6.76
HR000142360,1940-03,9.45,1.73
HR000142360,1940-04,16.58,7.64
HR000142360,1940-05,19.15,11.16
HR000142360,1940-06,24.15,15.22
HR000142360,1940-07,25.88,16.11
HR000142360,1940-08,23.4,13.92
HR000142360,1940-09,21.26,12.33
HR000142360,1940-10,14.63,7.98
HR000142360,1940-11,11.83,6.57
HR000142360,1940-12,-0.82,-5.91
HR000142360,1941-01,1.58,-3.25
HR000142360,1941-02,6.23,0.75
HR000142360,1941-03,11.66,3.1
HR000142360,1941-04,15.06,7.12
HR000142360,1941-05,18.58,9.21
HR000142360,1941-06,24.96,14.99
HR000142360,1941-07,26.39,17.13
HR000142360,1941-08,24.92,14.87
HR000142360,1941-09,19.34,10.89
HR000142360,1941-10,14.45,7.23
HR000142360,1941-11,5.26,1.34
HR000142360,1941-12,4.81,-1.56
HR000142360,1942-01,-4.1,-9.52
HR000142360,1942-02,-0.17,-4.57
HR000142360,1942-03,7.46,0.83
HR000142360,1942-04,13.85,6.56
HR000142360,1942-05,21.83,11.75
HR000142360,1942-06,24.33,15.08
HR000142360,1942-07,26.23,16.19
HR000142360,1942-08,26.55,16.3
HR000142360,1942-09,26.1,16.05
HR000142360,1942-10,18.47,8.88
HR000142360,1942-11,7.84,3.31
HR000142360,1942-12,6.41,1.38
HR000142360,1943-01,0.87,-4.83
HR000142360,1943-02,9.09,1.03
HR000142360,1943-03,12.92,4.1
HR000142360,1943-04,18.43,7.77
HR000142360,1943-05,20.2,10.87
HR000142360,1943-06,23.05,13.7
HR000142360,1943-07,27.06,16.41
HR000142360,1943-08,28.77,17.6
HR000142360,1943-09,23.18,14.58
HR000142360,1943-10,17.21,10.87
HR000142360,1943-11,7.2,2.38
HR000142360,1943-12,4.51,1.34
HR000142360,1944-01,5.78,-0.29
HR000142360,1944-02,3.08,-2.45
HR000142360,1944-03,7.35,0.44
HR000142360,1944-04,17.83,8.11
HR000142360,1944-05,19.55,10.33
HR000142360,1944-06,23.43,13.83
HR000142360,1944-07,26.29,16.35
HR000142360,1944-08,28.67,18.09
HR000142360,1944-09,21.55,12.34
HR000142360,1944-10,14.94,8.95
HR000142360,1944-11,8.98,3.23
HR000142360,1944-12,3.41,-0.74
HR000142360,1945-01,-0.82,-6.27
HR000142360,1945-02,7.59,0.21
HR000142360,1945-03,13.34,4.13
HR000142360,1945-04,18.11,7.65
HR000142360,1945-05,24.61,13.64
HR000142360,1945-06,27.46,16.07
HR000142360,1945-07,28.33,18.05
HR000142360,1945-08,26.83,16.36
HR000142360,1945-09,22.5,13.38
HR000142360,1945-10,16.05,7.53
HR000142360,1945-11,7.04,3.36
HR000142360,1945-12,5.19,0.48
HR000142360,1946-01,0,-4.29
HR000142360,1946-02,8.26,1.07
HR000142360,1946-03,12.74,4.61
HR000142360,1946-04,20.34,8.51
HR000142360,1946-05,24.43,13.51
HR000142360,1946-06,26.7,15.69
HR000142360,1946-07,29.43,18.3
HR000142360,1946-08,29.73,17.97
HR000142360,1946-09,25.44,14.8
HR000142360,1946-10,13.26,5.51
HR000142360,1946-11,8.51,3.78
HR000142360,1946-12,1.48,-1.81
HR000142360,1947-01,-2.48,-7.46
HR000142360,1947-02,0.99,-4.16
HR000142360,1947-03,12.52,4.69
HR000142360,1947-04,20.1,9.61
HR000142360,1947-05,22.12,13.28
HR000142360,1947-06,26.65,16.16
HR000142360,1947-07,28.07,17.93
HR000142360,1947-08,27.25,17.27
HR000142360,1947-09,26.49,14.94
HR000142360,1947-10,15.15,5.9
HR000142360,1947-11,11.25,4.47
HR000142360,1947-12,5.99,1.08
HR000142360,1948-01,8.66,2.71
HR000142360,1948-02,5.79,-0.25
HR000142360,1948-03,13.19,3.16
HR000142360,1948-04,18.23,8.88
HR000142360,1948-05,22.95,13.09
HR000142360,1948-06,23.85,13.93
HR000142360,1948-07,24.66,14.61
HR000142360,1948-08,26.07,16.17
HR000142360,1948-09,22.17,13.12
HR000142360,1948-10,16.63,8.9
HR000142360,1948-11,8.54,3.58
HR000142360,1948-12,1.78,-2.28
HR000142360,1949-01,6.85,0.52
HR000142360,1949-02,8.51,-0.29
HR000142360,1949-03,8.97,0.77
HR000142360,1949-04,20.01,8.49
HR000142360,1949-05,21.36,11.69
HR000142360,1949-06,23.32,13.27
HR000142360,1949-07,26.64,16.63
HR000142360,1949-08,25.51,15.22
HR000142360,1949-09,23.7,14.07
HR000142360,1949-10,17.45,9.52
HR000142360,1949-11,10.33,5.63
HR000142360,1949-12,6.82,1.4
HR000142360,1950-01,1.31,-4.58
HR000142360,1950-02,7.5,0.33
HR000142360,1950-03,12.78,4.55
HR000142360,1950-04,16.66,7.8
HR000142360,1950-05,24.2,13.44
HR000142360,1950-06,28.01,17.15
HR000142360,1950-07,30.59,19.29
HR000142360,1950-08,29.26,17.51
HR000142360,1950-09,22.67,13.37
HR000142360,1950-10,14.02,6.73
HR000142360,1950-11,10.08,4.32
HR000142360,1950-12,4.66,1.22
HR000142360,1951-01,5.98,1.17
HR000142360,1951-02,8.96,3.15
HR000142360,1951-03,10.25,3.35
HR000142360,1951-04,16.84,7.69
HR000142360,1951-05,20.71,12.11
HR000142360,1951-06,24.49,15.65
HR000142360,1951-07,25.95,16.49
HR000142360,1951-08,27.41,17.45
HR000142360,1951-09,23.18,15.24
HR000142360,1951-10,13.68,7.82
HR000142360,1951-11,13.2,6.22
HR000142360,1951-12,5.91,1
HR000142360,1952-01,3.33,-1.83
HR000142360,1952-02,4.1,-1.85
HR000142360,1952-03,10.09,1.86
HR000142360,1952-04,20.52,9.87
HR000142360,1952-05,21.02,11.17
HR000142360,1952-06,26.73,15.76
HR000142360,1952-07,30.25,18.45
HR000142360,1952-08,29.6,18.11
HR000142360,1952-09,20.29,11.61
HR000142360,1952-10,15.89,8
HR000142360,1952-11,8.43,2.75
HR000142360,1952-12,3.36,-0.57
HR000142360,1953-01,2.96,-1.7
HR000142360,1953-02,5.45,-1.3
HR000142360,1953-03,12.52,2.1
HR000142360,1953-04,17.94,8.78
HR000142360,1953-05,20.84,11.65
HR000142360,1953-06,24.24,15.69
HR000142360,1953-07,27.37,17.62
HR000142360,1953-08,25.17,15.31
HR000142360,1953-09,22.34,13.79
HR000142360,1953-10,16.63,10.48
HR000142360,1953-11,7.29,2.21
HR000142360,1953-12,3.31,-0.09
HR000142360,1954-01,-1.1,-6.56
HR000142360,1954-02,-0.78,-6.21
HR000142360,1954-03,11.36,4.28
HR000142360,1954-04,13.54,6.19
HR000142360,1954-05,19.25,11.16
HR000142360,1954-06,25.26,16.46
HR000142360,1954-07,24.41,14.78
HR000142360,1954-08,26.02,15.37
HR000142360,1954-09,22.51,13.75
HR000142360,1954-10,15.16,7.76
HR000142360,1954-11,8.13,3.4
HR000142360,1954-12,7.46,1.84
HR000142360,1955-01,3.61,-0.43
HR000142360,1955-02,6.36,0.74
HR000142360,1955-03,6.96,0.56
HR000142360,1955-04,14.25,5.51
HR000142360,1955-05,20.04,9.72
HR000142360,1955-06,23.51,14.03
HR000142360,1955-07,25.39,16.58
HR000142360,1955-08,24.5,15.46
HR000142360,1955-09,21.39,13.29
HR000142360,1955-10,15.19,8.15
HR000142360,1955-11,7.04,3.12
HR000142360,1955-12,6.88,0.88
HR000142360,1956-01,6.62,1.08
HR000142360,1956-02,-3.71,-10.3
HR000142360,1956-03,7.03,0.21
HR000142360,1956-04,15.23,7.2
HR000142360,1956-05,21.69,11.81
HR000142360,1956-06,22.93,13.61
HR000142360,1956-07,27.29,17.12
HR000142360,1956-08,26.1,15.74
HR000142360,1956-09,23.4,13.25
HR000142360,1956-10,15.82,7.2
HR000142360,1956-11,5.77,0.92
HR000142360,1956-12,3.4,-0.92
HR000142360,1957-01,0.45,-4.87
HR000142360,1957-02,10.11,3.41
HR000142360,1957-03,14.19,4.99
HR000142360,1957-04,15.57,7.29
HR000142360,1957-05,17.81,9.39
HR000142360,1957-06,27.33,16.68
HR000142360,1957-07,27.57,17.03
HR000142360,1957-08,24.71,15.41
HR000142360,1957-09,20.94,12.13
HR000142360,1957-10,15,8.19
HR000142360,1957-11,10.28,5.39
HR000142360,1957-12,4.85,0.32
HR000142360,1958-01,2.37,-3.2
HR000142360,1958-02,9.68,1.84
HR000142360,1958-03,7.34,0.29
HR000142360,1958-04,13.91,5.58
HR000142360,1958-05,25.67,14.21
HR000142360,1958-06,23.89,14.51
HR000142360,1958-07,28.28,16.97
HR000142360,1958-08,27.88,16.86
HR000142360,1958-09,22.92,12.86
HR000142360,1958-10,16.2,9.22
HR000142360,1958-11,8.46,5.46
HR000142360,1958-12,7.96,2.73
HR000142360,1959-01,4.9,-0.7
HR000142360,1959-02,3.92,-2.34
HR000142360,1959-03,13.61,6.48
HR000142360,1959-04,17.58,8.29
HR000142360,1959-05,21.08,11.62
HR000142360,1959-06,23.43,14.25
HR000142360,1959-07,26.83,17.86
HR000142360,1959-08,24.42,16.29
HR000142360,1959-09,20.3,11.62
HR000142360,1959-10,15.61,6.36
HR000142360,1959-11,8.95,4.71
HR000142360,1959-12,7.52,3.39
HR000142360,1960-01,3.47,-1.93
HR000142360,1960-02,6.21,0.33
HR000142360,1960-03,10.79,4.64
HR000142360,1960-04,15.98,7.78
HR000142360,1960-05,20,11.49
HR000142360,1960-06,26.24,15.35
HR000142360,1960-07,25.18,14.65
HR000142360,1960-08,26.41,16.28
HR000142360,1960-09,20.14,12.41
HR000142360,1960-10,17.24,10
HR000142360,1960-11,11.99,6.38
HR000142360,1960-12,7.15,3.23
HR000142360,1961-01,2.56,-2.11
HR000142360,1961-02,8.25,2.15
HR000142360,1961-03,15.41,5.4
HR000142360,1961-04,19.9,11.03
HR000142360,1961-05,19.68,10.6
HR000142360,1961-06,25.09,15.64
HR000142360,1961-07,25.45,15.09
HR000142360,1961-08,26.05,15.4
HR000142360,1961-09,24.68,13.88
HR000142360,1961-10,17.03,10.55
HR000142360,1961-11,10.06,4.59
HR000142360,1961-12,3.9,-1.68
HR000142360,1962-01,4.45,-1.7
HR000142360,1962-02,4.71,-0.5
HR000142360,1962-03,6.3,0.97
HR000142360,1962-04,17.17,7.88
HR000142360,1962-05,20.02,10.28
HR000142360,1962-06,22.48,12.71
HR000142360,1962-07,24.36,15.14
HR000142360,1962-08,27.56,17.64
HR000142360,1962-09,20.78,12.44
HR000142360,1962-10,16.13,9.02
HR000142360,1962-11,7.08,3.79
HR000142360,1962-12,0.11,-4.03
HR000142360,1963-01,-2.84,-6.99
HR000142360,1963-02,0.03,-4
HR000142360,1963-03,9.34,1.72
HR000142360,1963-04,17.74,8.7
HR000142360,1963-05,21.23,11.76
HR000142360,1963-06,25.51,15.62
HR000142360,1963-07,28.21,17.9
HR000142360,1963-08,26.65,16.82
HR000142360,1963-09,22.05,13.87
HR000142360,1963-10,15,7.86
HR000142360,1963-11,15.78,8.82
HR000142360,1963-12,-0.83,-3.96
HR000142360,1964-01,-2.45,-7.92
HR000142360,1964-02,5.01,-1.58
HR000142360,1964-03,7.19,2.11
HR000142360,1964-04,17.17,8.61
HR000142360,1964-05,20.57,11.82
HR000142360,1964-06,25.72,17.15
HR000142360,1964-07,26.21,16.95
HR000142360,1964-08,24.06,15.15
HR000142360,1964-09,20.9,12.54
HR000142360,1964-10,14.1,8.8
HR000142360,1964-11,11.03,6.13
HR000142360,1964-12,2.89,0.08
HR000142360,1965-01,4.34,0.34
HR000142360,1965-02,2.53,-3
HR000142360,1965-03,11.32,3.91
HR000142360,1965-04,14.56,7.12
HR000142360,1965-05,19.42,11.03
HR000142360,1965-06,24.59,15.16
HR000142360,1965-07,26.19,16.03
HR000142360,1965-08,23.16,14.55
HR000142360,1965-09,21.37,13.44
HR000142360,1965-10,15.48,7.27
HR000142360,1965-11,7.4,2.47
HR000142360,1965-12,6.25,1.69
HR000142360,1966-01,0.39,-3.63
HR000142360,1966-02,11.99,5.4
HR000142360,1966-03,10.8,2.99
HR000142360,1966-04,18.3,9.45
HR000142360,1966-05,21.19,11.75
HR000142360,1966-06,25,15.68
HR000142360,1966-07,24.44,15.48
HR000142360,1966-08,23.66,15.44
HR000142360,1966-09,21.77,13.57
HR000142360,1966-10,19.46,12.54
HR000142360,1966-11,6.87,2.79
HR000142360,1966-12,4.81,0.64
HR000142360,1967-01,2.26,-3.15
HR000142360,1967-02,7.56,0.81
HR000142360,1967-03,12.78,5.52
HR000142360,1967-04,14.99,7.13
HR000142360,1967-05,21.65,12.45
HR000142360,1967-06,23.11,14.26
HR000142360,1967-07,27.44,18.24
HR000142360,1967-08,25.87,16.53
HR000142360,1967-09,22.03,13.98
HR000142360,1967-10,17.38,9.15
HR000142360,1967-11,10.17,3.71
HR000142360,1967-12,3.27,-1.95
HR000142360,1968-01,2.68,-3.62
HR000142360,1968-02,7.18,1.66
HR000142360,1968-03,12.61,3.96
HR000142360,1968-04,19.55,9.33
HR000142360,1968-05,21.48,12.12
HR000142360,1968-06,24.07,15.21
HR000142360,1968-07,26.35,16.34
HR000142360,1968-08,23.9,15.55
HR000142360,1968-09,20.29,12.74
HR000142360,1968-10,16.6,8.8
HR000142360,1968-11,9.14,5.11
HR000142360,1968-12,0.48,-2.39
HR000142360,1969-01,0.95,-3.33
HR000142360,1969-02,3.54,-1.04
HR000142360,1969-03,7.44,2.75
HR000142360,1969-04,16.49,6.88
HR000142360,1969-05,23.27,13
HR000142360,1969-06,22.88,14.92
HR000142360,1969-07,25.9,16.23
HR000142360,1969-08,23.24,15.44
HR000142360,1969-09,21.04,13.57
HR000142360,1969-10,15.24,7.65
HR000142360,1969-11,13.42,6.53
HR000142360,1969-12,-0.26,-3.17
HR000142360,1970-01,2.16,-1.55
HR000142360,1970-02,5.08,-0.68
HR000142360,1970-03,8.75,2.57
HR000142360,1970-04,15.4,6.86
HR000142360,1970-05,18.77,9.9
HR000142360,1970-06,25.22,16.06
HR000142360,1970-07,25.76,15.91
HR000142360,1970-08,24.96,16.9
HR000142360,1970-09,21.26,13.15
HR000142360,1970-10,14.84,7.15
HR000142360,1970-11,12.58,6.61
HR000142360,1970-12,3.43,-0.51
HR000142360,1971-01,2.63,-1.42
HR000142360,1971-02,7.84,1.81
HR000142360,1971-03,6.85,1.1
HR000142360,1971-04,17.34,8.5
HR000142360,1971-05,22.3,12.78
HR000142360,1971-06,23.39,14.43
HR000142360,1971-07,27.11,16.96
HR000142360,1971-08,26.95,17.31
HR000142360,1971-09,18.75,10.83
HR000142360,1971-10,16.1,6.65
HR000142360,1971-11,9.01,3.02
HR000142360,1971-12,4.4,-0.66
HR000142360,1972-01,0.58,-1.7
HR000142360,1972-02,7.26,2.97
HR000142360,1972-03,14.13,5.44
HR000142360,1972-04,15.51,8.27
HR000142360,1972-05,20.42,11.25
HR000142360,1972-06,24.99,15.39
HR000142360,1972-07,25.46,17.43
HR000142360,1972-08,23.9,16.05
HR000142360,1972-09,18.04,10.65
HR000142360,1972-10,13.94,7.55
HR000142360,1972-11,9.99,2.7
HR000142360,1972-12,3.7,0.43
HR000142360,1973-01,1.8,-1.44
HR000142360,1973-02,6.06,0.65
HR000142360,1973-03,10.52,3.31
HR000142360,1973-04,13.67,6.01
HR000142360,1973-05,22.92,12.33
HR000142360,1973-06,24,15.4
HR000142360,1973-07,26.39,16.87
HR000142360,1973-08,25.58,16.5
HR000142360,1973-09,21.71,13.1
HR000142360,1973-10,14.11,6.65
HR000142360,1973-11,8.28,1.32
HR000142360,1973-12,4.88,0
HR000142360,1974-01,3.76,0.59
HR000142360,1974-02,9.59,4.81
HR000142360,1974-03,12.6,5.79
HR000142360,1974-04,15.19,7.25
HR000142360,1974-05,19.43,11.06
HR000142360,1974-06,22.79,13.28
HR000142360,1974-07,26.1,16.13
HR000142360,1974-08,26.82,17.3
HR000142360,1974-09,20.9,13.25
HR000142360,1974-10,10.64,5.13
HR000142360,1974-11,10,4.79
HR000142360,1974-12,7.46,1.83
HR000142360,1975-01,8.25,2.83
HR000142360,1975-02,5.89,0.07
HR000142360,1975-03,12.02,5.06
HR000142360,1975-04,15.7,8.08
HR000142360,1975-05,21.47,13.37
HR000142360,1975-06,21.93,15.13
HR000142360,1975-07,25.73,16.77
HR000142360,1975-08,24.44,16.44
HR000142360,1975-09,23.59,15.28
HR000142360,1975-10,13.95,8.13
HR000142360,1975-11,7.18,3.37
HR000142360,1975-12,3.93,0.25
HR000142360,1976-01,5.47,-0.57
HR000142360,1976-02,3.55,-0.51
HR000142360,1976-03,7.62,0.56
HR000142360,1976-04,16.76,7.59
HR000142360,1976-05,21.41,11.24
HR000142360,1976-06,24.18,14.54
HR000142360,1976-07,26.79,17.6
HR000142360,1976-08,21.96,13.76
HR000142360,1976-09,19.55,11.92
HR000142360,1976-10,14.65,8.84
HR000142360,1976-11,10.69,5.88
HR000142360,1976-12,3.65,-0.28
HR000142360,1977-01,5.32,0.95
HR000142360,1977-02,9.5,3.75
HR000142360,1977-03,15.4,6.43
HR000142360,1977-04,14.75,5.99
HR000142360,1977-05,21.3,11.87
HR000142360,1977-06,25.33,15.38
HR000142360,1977-07,25.59,16.24
HR000142360,1977-08,24.65,15.99
HR000142360,1977-09,19.09,10.97
HR000142360,1977-10,16.3,9.27
HR000142360,1977-11,9.74,4.34
HR000142360,1977-12,2.58,-1.07
HR000142360,1978-01,3.24,-0.54
HR000142360,1978-02,4.41,-0.34
HR000142360,1978-03,12.61,4.59
HR000142360,1978-04,14.53,6.85
HR000142360,1978-05,18.18,10.26
HR000142360,1978-06,23.55,13.87
HR000142360,1978-07,24.41,14.73
HR000142360,1978-08,23.42,14.84
HR000142360,1978-09,20.21,11.69
HR000142360,1978-10,14.54,8.23
HR000142360,1978-11,3.47,0.99
HR000142360,1978-12,4.09,-0.19
HR000142360,1979-01,2.36,-3.19
HR000142360,1979-02,5.03,1.26
HR000142360,1979-03,12.8,5.54
HR000142360,1979-04,15.18,6.82
HR000142360,1979-05,22.21,12.54
HR000142360,1979-06,26.05,17.37
HR000142360,1979-07,24.24,15.62
HR000142360,1979-08,23.86,15.68
HR000142360,1979-09,20.71,12.82
HR000142360,1979-10,13.95,7.63
HR000142360,1979-11,9.45,4.48
HR000142360,1979-12,7.94,2.75
HR000142360,1980-01,1.47,-2.86
HR000142360,1980-02,7.52,1.43
HR000142360,1980-03,10.86,3.19
HR000142360,1980-04,13.89,5.88
HR000142360,1980-05,17.66,10.26
HR000142360,1980-06,23.21,14.8
HR000142360,1980-07,24.93,15.58
HR000142360,1980-08,25.15,16.59
HR000142360,1980-09,20.71,12.64
HR000142360,1980-10,14.78,8.39
HR000142360,1980-11,7.92,2.63
HR000142360,1980-12,3.35,-2.02
HR000142360,1981-01,2.2,-3.53
HR000142360,1981-02,4.83,-0.8
HR000142360,1981-03,14.46,6.41
HR000142360,1981-04,16.89,7.84
HR000142360,1981-05,20.77,11.75
HR000142360,1981-06,24.91,15.47
HR000142360,1981-07,26.02,16.71
HR000142360,1981-08,25.56,16.75
HR000142360,1981-09,21.45,14.09
HR000142360,1981-10,17.25,10.59
HR000142360,1981-11,9.84,3.01
HR000142360,1981-12,4.53,-0.46
HR000142360,1982-01,1.29,-2.81
HR000142360,1982-02,3.29,-1.69
HR000142360,1982-03,10.74,3.31
HR000142360,1982-04,13.58,5.67
HR000142360,1982-05,21.5,12.56
HR000142360,1982-06,25.76,16.3
HR000142360,1982-07,26.48,18.39
HR000142360,1982-08,25.47,16.66
HR000142360,1982-09,23.89,15.7
HR000142360,1982-10,15.29,10.3
HR000142360,1982-11,9.65,4.52
HR000142360,1982-12,7.41,2.62
HR000142360,1983-01,7.77,0.99
HR000142360,1983-02,3.26,-2.07
HR000142360,1983-03,13.28,4.19
HR000142360,1983-04,18.87,10
HR000142360,1983-05,22.35,13.1
HR000142360,1983-06,23.86,14.93
HR000142360,1983-07,29.21,18.76
HR000142360,1983-08,26.38,17.31
HR000142360,1983-09,22.23,12.97
HR000142360,1983-10,16.45,8.12
HR000142360,1983-11,6.52,1.43
HR000142360,1983-12,4.76,-0.24
HR000142360,1984-01,4,-0.85
HR000142360,1984-02,3.27,-0.55
HR000142360,1984-03,9.65,3.11
HR000142360,1984-04,15.06,7.92
HR000142360,1984-05,19.09,10.42
HR000142360,1984-06,23.29,13.85
HR000142360,1984-07,24.53,15.3
HR000142360,1984-08,24.12,16.14
HR000142360,1984-09,21.44,12.82
HR000142360,1984-10,16.78,9.85
HR000142360,1984-11,9.72,4.55
HR000142360,1984-12,3.43,0.63
HR000142360,1985-01,-1.02,-6.09
HR000142360,1985-02,1.93,-4.59
HR000142360,1985-03,9.21,3.45
HR000142360,1985-04,16.4,7.35
HR000142360,1985-05,22.11,13.22
HR000142360,1985-06,22.22,13.24
HR000142360,1985-07,26.89,17.38
HR000142360,1985-08,26.3,16.94
HR000142360,1985-09,22.63,13.28
HR000142360,1985-10,15.11,8.15
HR000142360,1985-11,6.62,2.07
HR000142360,1985-12,9.62,3.68
HR000142360,1986-01,4.71,-0.31
HR000142360,1986-02,0.03,-3.77
HR000142360,1986-03,7.79,1.45
HR000142360,1986-04,17.31,8.44
HR000142360,1986-05,23.79,14.95
HR000142360,1986-06,22.46,14.35
HR000142360,1986-07,25.1,15.98
HR000142360,1986-08,26.71,17.5
HR000142360,1986-09,20.94,12.04
HR000142360,1986-10,15.57,7.72
HR000142360,1986-11,10.2,4.12
HR000142360,1986-12,2.56,-1.19
HR000142360,1987-01,1.08,-4.42
HR000142360,1987-02,5.95,0.21
HR000142360,1987-03,7.02,-0.82
HR000142360,1987-04,17.46,7.86
HR000142360,1987-05,19.91,10.27
HR000142360,1987-06,24.71,14.71
HR000142360,1987-07,28.57,18.07
HR000142360,1987-08,24.73,15.87
HR000142360,1987-09,25.21,16.36
HR000142360,1987-10,16.22,10.07
HR000142360,1987-11,8.78,3.69
HR000142360,1987-12,5.32,0.45
HR000142360,1988-01,7.6,2.56
HR000142360,1988-02,8.38,2.02
HR000142360,1988-03,11.19,3.11
HR000142360,1988-04,16.36,7.22
HR000142360,1988-05,21.63,12.62
HR000142360,1988-06,24.16,14.4
HR000142360,1988-07,28.98,18.04
HR000142360,1988-08,27.35,16.92
HR000142360,1988-09,21.45,13.06
HR000142360,1988-10,15.26,8.7
HR000142360,1988-11,5.75,-0.07
HR000142360,1988-12,5.65,0.07
HR000142360,1989-01,2.49,-1.62
HR000142360,1989-02,8.85,2.51
HR000142360,1989-03,15.41,7.03
HR000142360,1989-04,17.62,9.03
HR000142360,1989-05,20.14,11.41
HR000142360,1989-06,22.4,14.04
HR000142360,1989-07,26.84,17.22
HR000142360,1989-08,25.21,16.72
HR000142360,1989-09,20.64,13.26
HR000142360,1989-10,16.6,7.74
HR000142360,1989-11,9.17,2.61
HR000142360,1989-12,6.97,1.44
HR000142360,1990-01,3.73,-1.53
HR000142360,1990-02,13.13,4.04
HR000142360,1990-03,16.28,6.43
HR000142360,1990-04,15.55,7.46
HR000142360,1990-05,23.01,13.15
HR000142360,1990-06,23.97,14.77
HR000142360,1990-07,27.3,16.4
HR000142360,1990-08,27.87,16.65
HR000142360,1990-09,20.58,11.54
HR000142360,1990-10,16.4,8.97
HR000142360,1990-11,9.49,4.64
HR000142360,1990-12,4.01,0.37
HR000142360,1991-01,5.51,0.37
HR000142360,1991-02,3.51,-3.25
HR000142360,1991-03,14.33,6.51
HR000142360,1991-04,15.23,6.49
HR000142360,1991-05,17.41,9.57
HR000142360,1991-06,25.08,14.79
HR000142360,1991-07,27.9,18.28
HR000142360,1991-08,26.08,17.37
HR000142360,1991-09,22.75,13.91
HR000142360,1991-10,13.7,7.44
HR000142360,1991-11,9.65,4.54
HR000142360,1991-12,2.76,-2.25
HR000142360,1992-01,5.33,0.25
HR000142360,1992-02,9.43,1.63
HR000142360,1992-03,12.38,4.11
HR000142360,1992-04,17.56,8.21
HR000142360,1992-05,21.95,12.57
HR000142360,1992-06,24.72,15.94
HR000142360,1992-07,27.62,17.57
HR000142360,1992-08,31.4,20.01
HR000142360,1992-09,23.73,13.52
HR000142360,1992-10,14.57,8.35
HR000142360,1992-11,11.09,4.84
HR000142360,1992-12,4.55,0.18
HR000142360,1993-01,6.25,-0.21
HR000142360,1993-02,5.98,-1.34
HR000142360,1993-03,11.43,3.11
HR000142360,1993-04,17.97,8.61
HR000142360,1993-05,24.5,14.31
HR000142360,1993-06,25.76,15.97
HR000142360,1993-07,27.33,16.25
HR000142360,1993-08,27.42,17.45
HR000142360,1993-09,20.86,12.92
HR000142360,1993-10,16.79,10.05
HR000142360,1993-11,5.13,1.55
HR000142360,1993-12,6.39,0.56
HR000142360,1994-01,8.03,2.43
HR000142360,1994-02,7.38,1.19
HR000142360,1994-03,16.53,7.59
HR000142360,1994-04,16.87,7.95
HR000142360,1994-05,22.11,12.36
HR000142360,1994-06,25.43,15.75
HR000142360,1994-07,28.94,19.11
HR000142360,1994-08,28.05,18.47
HR000142360,1994-09,23.99,15.16
HR000142360,1994-10,13.91,7
HR000142360,1994-11,12.05,6.48
HR000142360,1994-12,6.24,1.02
HR000142360,1995-01,4.86,-0.65
HR000142360,1995-02,11.41,3.48
HR000142360,1995-03,10.94,3.01
HR000142360,1995-04,18.13,8.19
HR000142360,1995-05,21.05,11.78
HR000142360,1995-06,23.42,14.37
HR000142360,1995-07,28.97,19.13
HR000142360,1995-08,25.21,16.37
HR000142360,1995-09,20.09,12.08
HR000142360,1995-10,17.12,9.66
HR000142360,1995-11,9.02,3.2
HR000142360,1995-12,4.16,0.64
HR000142360,1996-01,2.25,-1.45
HR000142360,1996-02,3.92,-2.21
HR000142360,1996-03,8.36,1.6
HR000142360,1996-04,16.9,7.63
HR000142360,1996-05,22.68,13.38
HR000142360,1996-06,26.34,16.3
HR000142360,1996-07,25.25,15.6
HR000142360,1996-08,25.3,17.14
HR000142360,1996-09,17.33,10.97
HR000142360,1996-10,15.84,9.81
HR000142360,1996-11,12.24,6.14
HR000142360,1996-12,2.08,-1.92
HR000142360,1997-01,1.15,-1.61
HR000142360,1997-02,10.01,2.1
HR000142360,1997-03,12.74,4.01
HR000142360,1997-04,14.25,4.61
HR000142360,1997-05,23.04,13.11
HR000142360,1997-06,25.81,15.95
HR000142360,1997-07,26.26,17.15
HR000142360,1997-08,26.65,17.31
HR000142360,1997-09,22.76,13.33
HR000142360,1997-10,14.31,7.1
HR000142360,1997-11,9.55,4.13
HR000142360,1997-12,6.61,1.72
HR000142360,1998-01,8.09,2.13
HR000142360,1998-02,12.4,2.5
HR000142360,1998-03,11.07,2.41
HR000142360,1998-04,18.83,9.42
HR000142360,1998-05,21.85,12.29
HR000142360,1998-06,26.67,16.95
HR000142360,1998-07,27.64,17.68
HR000142360,1998-08,27.17,18.04
HR000142360,1998-09,20.73,13.03
HR000142360,1998-10,16.34,9.24
HR000142360,1998-11,7.56,2.4
HR000142360,1998-12,1.02,-3.42
HR000142360,1999-01,4.36,-0.36
HR000142360,1999-02,6.99,-0.5
HR000142360,1999-03,14.01,5.84
HR000142360,1999-04,18.08,9.66
HR000142360,1999-05,22.58,13.1
HR000142360,1999-06,25.36,16.3
HR000142360,1999-07,27.15,18.08
HR000142360,1999-08,26.2,17.46
HR000142360,1999-09,24.16,15.7
HR000142360,1999-10,17.19,9.79
HR000142360,1999-11,6.93,3.02
HR000142360,1999-12,6.05,-0.06
HR000142360,2000-01,2.82,-3
HR000142360,2000-02,10.54,2.68
HR000142360,2000-03,13.7,5.02
HR000142360,2000-04,20.49,10.82
HR000142360,2000-05,24.06,13.18
HR000142360,2000-06,28.28,16.86
HR000142360,2000-07,27.09,16.31
HR000142360,2000-08,29.85,18.79
HR000142360,2000-09,22.77,13.55
HR000142360,2000-10,17.99,10.94
HR000142360,2000-11,14.19,7.45
HR000142360,2000-12,8.95,3.34
HR000142360,2001-01,7.4,2.23
HR000142360,2001-02,9.82,2.45
HR000142360,2001-03,15.92,6.73
HR000142360,2001-04,16.86,7.32
HR000142360,2001-05,23.97,14.45
HR000142360,2001-06,24.8,14.1
HR000142360,2001-07,28.03,18.62
HR000142360,2001-08,29.08,19.08
HR000142360,2001-09,19.87,11.55
HR000142360,2001-10,19.83,11.58
HR000142360,2001-11,8.58,1.86
HR000142360,2001-12,2.81,-3.39
HR000142360,2002-01,5.41,-0.78
HR000142360,2002-02,11.32,4.07
HR000142360,2002-03,14.86,6.05
HR000142360,2002-04,15.54,7.97
HR000142360,2002-05,24.31,14.21
HR000142360,2002-06,27.64,17.13
HR000142360,2002-07,28.17,17.98
HR000142360,2002-08,26.3,17.98
HR000142360,2002-09,20.47,13.16
HR000142360,2002-10,16.55,9.02
HR000142360,2002-11,14.16,8.28
HR000142360,2002-12,5.16,0.86
HR000142360,2003-01,3.99,-2.03
HR000142360,2003-02,3.21,-3.05
HR000142360,2003-03,13.75,4.16
HR000142360,2003-04,16.93,7.75
HR000142360,2003-05,26.22,15.21
HR000142360,2003-06,30.74,19.57
HR000142360,2003-07,29.04,18.66
HR000142360,2003-08,31.63,20.56
HR000142360,2003-09,21.81,12.69
HR000142360,2003-10,14.14,7.28
HR000142360,2003-11,12.86,6.52
HR000142360,2003-12,6.61,0.45
HR000142360,2004-01,4.16,-1.81
HR000142360,2004-02,7.59,1.26
HR000142360,2004-03,10.74,3.28
HR000142360,2004-04,16.61,9.05
HR000142360,2004-05,20.92,10.94
HR000142360,2004-06,24.92,15.4
HR000142360,2004-07,27.34,17.05
HR000142360,2004-08,27.21,17.14
HR000142360,2004-09,21.68,12.94
HR000142360,2004-10,17.49,11.06
HR000142360,2004-11,10.7,5.1
HR000142360,2004-12,5.05,1.08
HR000142360,2005-01,5.75,-1.38
HR000142360,2005-02,2.86,-2.57
HR000142360,2005-03,11.2,2.38
HR000142360,2005-04,17.65,8.17
HR000142360,2005-05,22.5,12.75
HR000142360,2005-06,26,15.84
HR000142360,2005-07,26.98,17.73
HR000142360,2005-08,23.64,15.84
HR000142360,2005-09,21.64,14.27
HR000142360,2005-10,16.83,9.93
HR000142360,2005-11,8.59,4.19
HR000142360,2005-12,5.43,0.37
HR000142360,2006-01,2.53,-2.33
HR000142360,2006-02,6.18,-0.01
HR000142360,2006-03,10.49,2.74
HR000142360,2006-04,18.84,9.08
HR000142360,2006-05,22.4,12.09
HR000142360,2006-06,25.94,16.54
HR000142360,2006-07,29.98,19.83
HR000142360,2006-08,23.85,15.25
HR000142360,2006-09,23.22,14.55
HR000142360,2006-10,19.22,10.79
HR000142360,2006-11,13.51,6.84
HR000142360,2006-12,7.86,3
HR000142360,2007-01,11.28,3.86
HR000142360,2007-02,11.63,4.87
HR000142360,2007-03,14.21,6.32
HR000142360,2007-04,21.18,10.41
HR000142360,2007-05,23.99,14.09
HR000142360,2007-06,28.27,17.92
HR000142360,2007-07,30.38,17.7
HR000142360,2007-08,27.08,17.84
HR000142360,2007-09,20.39,11.77
HR000142360,2007-10,14.58,8.61
HR000142360,2007-11,9.34,3.23
HR000142360,2007-12,3.32,-0.28
HR000142360,2008-01,6.79,1.15
HR000142360,2008-02,10.81,2.58
HR000142360,2008-03,12.69,4.34
HR000142360,2008-04,18.28,8.76
HR000142360,2008-05,23.54,13.57
HR000142360,2008-06,26.91,17.49
HR000142360,2008-07,28.28,18.01
HR000142360,2008-08,27.72,17.56
HR000142360,2008-09,20.71,12.85
HR000142360,2008-10,18.51,9.75
HR000142360,2008-11,11.62,6.1
HR000142360,2008-12,6.44,2.4
HR000142360,2009-01,2.49,-1.93
HR000142360,2009-02,7.36,1.26
HR000142360,2009-03,12.64,4.71
HR000142360,2009-04,20.76,11.22
HR000142360,2009-05,24.69,14.51
HR000142360,2009-06,26.18,15.32
HR000142360,2009-07,28.84,17.98
HR000142360,2009-08,28.67,18.97
HR000142360,2009-09,24.22,15.8
HR000142360,2009-10,16.92,9.39
HR000142360,2009-11,12.53,6.16
HR000142360,2009-12,6.8,1.69
HR000142360,2010-01,2.35,-1.18
HR000142360,2010-02,6.65,0.7
HR000142360,2010-03,12.09,4.19
HR000142360,2010-04,18.01,8.74
HR000142360,2010-05,21.68,12.91
HR000142360,2010-06,25.89,16.57
HR000142360,2010-07,29.61,19.48
HR000142360,2010-08,26.86,17.4
HR000142360,2010-09,19.83,12.58
HR000142360,2010-10,14.15,7.48
HR000142360,2010-11,13.3,7.46
HR000142360,2010-12,4.33,-1.06
HR000142360,2011-01,5.64,0.68
HR000142360,2011-02,6.37,-0.23
HR000142360,2011-03,13.05,4.52
HR000142360,2011-04,20.37,9.98
HR000142360,2011-05,24.07,12.46
HR000142360,2011-06,27.46,16.9
HR000142360,2011-07,28.64,18.1
HR000142360,2011-08,30.29,18.97
HR000142360,2011-09,26.76,16.37
HR000142360,2011-10,16.14,8.02
HR000142360,2011-11,7.09,2.2
HR000142360,2011-12,7.87,2.05
HR000142360,2012-01,7.05,0.58
HR000142360,2012-02,3.18,-3.74
HR000142360,2012-03,16.65,6.52
HR000142360,2012-04,18.8,8.79
HR000142360,2012-05,23.15,12.68
HR000142360,2012-06,28.55,17.71
HR000142360,2012-07,30.77,19.83
HR000142360,2012-08,31.49,19.55
HR000142360,2012-09,23.94,14.66
HR000142360,2012-10,16.98,9.58
HR000142360,2012-11,13.01,7.59
HR000142360,2012-12,5.36,0.41
HR000142360,2013-01,4.92,0.37
HR000142360,2013-02,5.13,0.8
HR000142360,2013-03,9.38,2.75
HR000142360,2013-04,18.77,9.3
HR000142360,2013-05,21.92,12.64
HR000142360,2013-06,26.18,16.2
HR000142360,2013-07,30.04,19.39
HR000142360,2013-08,29.11,19.01
HR000142360,2013-09,21.44,12.98
HR000142360,2013-10,18.33,10.87
HR000142360,2013-11,10.54,5.81
HR000142360,2013-12,7.05,1.79
HR000142360,2014-01,8.78,3.95
HR000142360,2014-02,9.2,3.6
HR000142360,2014-03,16.16,7.53
HR000142360,2014-04,18.99,10.45
HR000142360,2014-05,21.61,11.48
HR000142360,2014-06,26.86,16.1
HR000142360,2014-07,27.62,18.14
HR000142360,2014-08,25.66,16.93
HR000142360,2014-09,20.81,14.01
HR000142360,2014-10,18.2,11.33
HR000142360,2014-11,12.17,7.74
HR000142360,2014-12,7.77,3.24
HR000142360,2015-01,6.85,
HR000142360,2015-02,6.55,
HR000142360,2015-03,13.38,
HR000142360,2015-04,18.59,8.2
HR000142360,2015-05,23.19,13.73
HR000142360,2015-06,27.14,16.8
HR000142360,2015-07,31.51,
HR000142360,2015-08,29.36,19.58
HR000142360,2015-09,22.44,14.6
HR000142360,2015-10,,
HR000142360,2016-02,,
HR000142360,2016-03,,
HR000142360,2016-05,,12.25
HR000142360,2016-06,,16.88
HR000142360,2016-07,,19.95
HR000142360,2016-08,,17.23
HR000142360,2016-09,,15.45
HR000142360,2016-10,,
HR000142360,2016-11,,
HR000142360,2016-12,,
HR000142360,2017-02,,
HR000142360,2017-03,,7.06
HR000142360,2017-04,,8.71
HR000142360,2017-05,,13.76
HR000142360,2017-06,,17.91
HR000142360,2017-07,,19.24
HR000142360,2017-08,,18.6
HR000142360,2017-09,,
HR000142360,2017-10,,8.65
HR000142360,2017-11,,4.99
HR000142360,2017-12,,0.6
HR000142360,2018-01,,
HR000142360,2018-02,,
HR000142360,2018-03,,2.09
